{"stat.walkOneCm":95281,"stat.leaveGame":5,"stat.useItem.minecraft.gold_ore":17,"stat.drop.minecraft.redstone":1,"stat.pickup.botania.manaresource":1,"stat.pickup.everlastingabilities.ability_bottle":1,"stat.jump":154,"stat.pickup.thaumcraft.stone_arcane":4,"stat.crouchOneCm":516,"stat.useItem.astralsorcery.itemusabledust":4,"stat.pickup.minecraft.sapling":24,"stat.sprintOneCm":13915,"stat.useItem.minecraft.stone_slab2":889,"stat.pickup.minecraft.apple":2,"stat.pickup.wizardry.wisdom_wood_log":1,"stat.useItem.minecraft.sapling":3,"stat.pickup.thaumcraft.crystal_essence":68,"stat.pickup.minecraft.grass":1,"stat.useItem.astralsorcery.blockcustomore":1,"stat.pickup.astralsorcery.blockcustomore":1,"stat.flyOneCm":104129,"stat.drop":4,"stat.playOneMinute":95028,"stat.sneakTime":382,"stat.damageDealt":30,"stat.pickup.minecraft.redstone":2,"stat.timeSinceDeath":95028,"stat.drop.minecraft.log":1,"stat.drop.minecraft.diamond":1,"stat.drop.minecraft.grass":1,"stat.pickup.bewitchment.oak_apple_gall":18}