{
  "inventorypets:inventorypets/root": {
    "criteria": {
      "auto": "2019-05-06 21:48:55 +0800"
    },
    "done": true
  },
  "astralsorcery:root": {
    "criteria": {
      "astralsorcery_present": "2019-05-06 21:48:56 +0800"
    },
    "done": true
  },
  "tombstone:tutorial/root": {
    "criteria": {
      "auto": "2019-05-06 21:48:55 +0800"
    },
    "done": true
  },
  "minecraft:adventure/adventuring_time": {
    "criteria": {
      "taiga": "2019-05-06 21:48:55 +0800"
    },
    "done": false
  }
}